<?xml version="1.0" encoding="ISO-8859-1"?>
<assembly>
    <!-- @version $Revision: 908 $ ($Author: vlads $) $Date: 2007-02-14 12:13:47 +0800 (周三, 14 二月 2007) $ -->
    <id>inject</id>
    <formats>
        <format>jar</format>
    </formats>
    <includeBaseDirectory>false</includeBaseDirectory>
    <fileSets>
        <fileSet>
           <directory>target</directory>
           <outputDirectory></outputDirectory>
           <includes>
                <include>microemu-injected.jar</include>
            </includes>
        </fileSet>
    </fileSets>
</assembly>